policy,pattern,cache_size,concurrency,throughput_rps,p50_us,p95_us,p99_us,hit_rate
lru,zipfian,50,1,124933,7.325,9.852,18.05,0.754822
lru,zipfian,50,8,107043,63.103,113.712,175.25,0.738131
lru,zipfian,200,1,128815,7.178,8.74,18.266,0.965504
lru,zipfian,200,8,108380,62.268,109.626,193.102,0.972181
lfu,zipfian,50,1,127589,7.265,9.116,16.29,0.746291
lfu,zipfian,50,8,108966,61.621,106.911,160.662,0.755564
lfu,zipfian,200,1,123573,7.391,10.546,20.134,0.965504
lfu,zipfian,200,8,111676,66.006,105.902,152.846,0.969214
hybrid,zipfian,50,1,125333,7.342,10.59,19.203,0.726261
hybrid,zipfian,50,8,85172.8,82.671,160.173,270.587,0.734792
hybrid,zipfian,200,1,113738,7.575,11.91,20.655,0.987389
hybrid,zipfian,200,8,106714,63.953,110.941,182.659,0.975519
lru,sequential,50,1,128239,7.137,9.242,17.893,0.162903
lru,sequential,50,8,112404,58.868,102.792,148.342,0.225102
lru,sequential,200,1,127510,7.209,10.127,19.415,0.950019
lru,sequential,200,8,114232,55.915,96.679,146.125,0.959645
lfu,sequential,50,1,129874,7.126,8.548,18.244,0.215106
lfu,sequential,50,8,110132,60.549,105.736,161.156,0.215106
lfu,sequential,200,1,127835,7.221,8.851,18.639,0.951499
lfu,sequential,200,8,108856,66.887,113.443,160.232,0.950759
hybrid,sequential,50,1,124865,7.202,10.409,19.738,0.221029
hybrid,sequential,50,8,110240,65.613,109.567,183.541,0.221029
hybrid,sequential,200,1,120479,7.507,10.672,21.027,0.953351
hybrid,sequential,200,8,108747,59.983,105.886,144.242,0.95298
lru,uniform,50,1,119484,7.258,11.491,19.31,0.235751
lru,uniform,50,8,112958,56.562,100.126,149.48,0.222428
lru,uniform,200,1,126834,7.189,10.267,18.2,0.954848
lru,uniform,200,8,112802,58.784,100.378,146.895,0.918949
lfu,uniform,50,1,121131,7.32,10.975,21.2,0.244634
lfu,uniform,50,8,104701,63.185,115.109,204.267,0.242043
lfu,uniform,200,1,122938,7.462,10.009,19.179,0.958179
lfu,uniform,200,8,112046,65.337,103.659,157.415,0.956329
hybrid,uniform,50,1,127211,7.207,9.629,18.448,0.241673
hybrid,uniform,50,8,111752,61.253,104.566,149.158,0.233901
hybrid,uniform,200,1,124228,7.488,9.706,19.356,0.952628
hybrid,uniform,200,8,108617,61.305,104.11,139.737,0.898594
